{
    "answers": {
        "request000": {
            "relevance": [
                {
                    "docid": 2,
                    "rank": 1.0
                },
                {
                    "docid": 0,
                    "rank": 0.6666666666666666
                },
                {
                    "docid": 6,
                    "rank": 0.3333333333333333
                },
                {
                    "docid": 9,
                    "rank": 0.3333333333333333
                }
            ],
            "result": true
        }
    }
}